id,password,strength
0,football$1,medium
1,123456692,weak
2,iloveu2020x,medium
3,password95,weak
4,monkey616,weak
5,letmein733,weak
6,iloveu1231,medium
7,welcome828,weak
8,1zl-zhh#T93O_C,strong
9,purple_99,medium
10,flower20201,medium
11,purple$1,medium
12,CI@mBY1ZfWOsJ,strong
13,monkey224,weak
14,purple20201,medium
15,purple$99,medium
16,letmein935,weak
17,qL^Wkk4O4GSB+kL5$,strong
18,qwerty811,weak
19,iloveu202099,medium
20,sunshine541,weak
21,monkey881,weak
22,ZOuWiHI-%uMn*,strong
23,@MpCm-(*TLiB=9ss,strong
24,football2020x,medium
25,123456778,weak
26,baseball!x,medium
27,monkey169,weak
28,dragon433,weak
29,502EZC&IsebQSa1efczN,strong
30,sunshine219,weak
31,flower_x,medium
32,sunshine826,weak
33,12345699,weak
34,computer12399,medium
35,password689,weak
36,flower20201,medium
37,admin819,weak
38,oOknJ%f9$hXPbh5,strong
39,iloveyou497,weak
40,iloveyou924,weak
41,iloveyou2,weak
42,(7v037YKoqe3exdK,strong
43,l_goTZrj^sTVFSN)p2sE,strong
44,computer12399,medium
45,aVQhOMkAfsvHP,strong
46,monkey8,weak
47,iloveu$x,medium
48,qwerty270,weak
49,123456760,weak
50,computer$x,medium
51,admin208,weak
52,purple$x,medium
53,password94,weak
54,purple$1,medium
55,qwerty652,weak
56,4PGaf^&P@Sljx&,strong
57,purple202099,medium
58,letmein682,weak
59,monkey905,weak
60,(rm8nFn(7FY3sm,strong
61,coffee202099,medium
62,sunshine358,weak
63,letmein228,weak
64,letmein408,weak
65,123456990,weak
66,computer_99,medium
67,purple_99,medium
68,%tS=cTA7H=i&o,strong
69,iloveyou1,weak
70,purple_x,medium
71,flower!99,medium
72,admin638,weak
73,123456737,weak
74,xFEwjF)Z&UwPavGSXJHq,strong
75,qwerty674,weak
76,monkey679,weak
77,computer20201,medium
78,baseball!1,medium
79,letmein486,weak
80,purple202099,medium
81,dragon199,weak
82,coffee12399,medium
83,password914,weak
84,purple202099,medium
85,monkey475,weak
86,letmein939,weak
87,coffee!99,medium
88,iloveu_99,medium
89,U2M@P&4KtsW6NVufvuy,strong
90,baseball!1,medium
91,qwerty723,weak
92,iloveyou417,weak
93,sunshine425,weak
94,iloveyou398,weak
95,$6CaA5#-F4PT,strong
96,letmein279,weak
97,password398,weak
98,iloveyou741,weak
99,sunshine941,weak
100,dragon546,weak
101,iloveyou606,weak
102,football2020x,medium
103,sunshine186,weak
104,iloveyou335,weak
105,admin345,weak
106,coffee$99,medium
107,123456481,weak
108,monkey53,weak
109,rf-dcs@VsJi-JtCU_,strong
110,purple!99,medium
111,password951,weak
112,iloveyou406,weak
113,f0Vh6#Tj=7AGCMz,strong
114,purple1231,medium
115,admin650,weak
116,1H3_u9OKH3u#@g^sJUC,strong
117,admin186,weak
118,admin816,weak
119,welcome901,weak
120,computer_1,medium
121,baseball20201,medium
122,coffee_1,medium
123,flower12399,medium
124,football$1,medium
125,letmein313,weak
126,computer123x,medium
127,coffee_99,medium
128,sunshine277,weak
129,letmein123,weak
130,computer2020x,medium
131,purple!1,medium
132,sunshine283,weak
133,purple_x,medium
134,123456852,weak
135,letmein369,weak
136,password725,weak
137,computer20201,medium
138,flower!x,medium
139,havKz_t$ieLR0l9-gsQ,strong
140,dragon809,weak
141,purple_99,medium
142,sunshine304,weak
143,xVU4-pqYlnfaITwr11,strong
144,letmein946,weak
145,dragon677,weak
146,baseball1231,medium
147,flower!99,medium
148,football20201,medium
149,iloveu_99,medium
150,sunshine705,weak
151,iloveyou965,weak
152,monkey505,weak
153,dragon40,weak
154,TbrZ$Sb6!R5nNHv+H,strong
155,football12399,medium
156,admin686,weak
157,qwerty337,weak
158,sunshine295,weak
159,coffee_1,medium
160,admin258,weak
161,iloveyou885,weak
162,football_99,medium
163,letmein530,weak
164,sunshine640,weak
165,password208,weak
166,qwerty949,weak
167,sunshine124,weak
168,dragon818,weak
169,qwerty318,weak
170,iloveu1231,medium
171,123456472,weak
172,L2Mu@=sPD(M%$u,strong
173,coffee$x,medium
174,password289,weak
175,purple_x,medium
176,$HKz5C(%=sD$FyJ*C+8,strong
177,baseball1231,medium
178,dragon339,weak
179,h*bk%_f7uVEgyZO-V^L,strong
180,iloveu20201,medium
181,computer!x,medium
182,123456778,weak
183,purple202099,medium
184,welcome925,weak
185,admin815,weak
186,admin383,weak
187,letmein543,weak
188,qwerty174,weak
189,dragon891,weak
190,letmein509,weak
191,rWIY&JvPf)+w_0,strong
192,welcome203,weak
193,iCBw1b@Ea$7_*4@&6r8,strong
194,letmein635,weak
195,qwerty643,weak
196,password316,weak
197,football_99,medium
198,football$99,medium
199,baseball!1,medium
200,computer_x,medium
201,t!K94zi_k_$3=_,strong
202,computer202099,medium
203,monkey126,weak
204,welcome598,weak
205,admin110,weak
206,coffee2020x,medium
207,yUXWJ1Xidc+irODC-0PS,strong
208,coffee202099,medium
209,computer2020x,medium
210,sunshine455,weak
211,h0P=BEoj#IYWTb7sj,strong
212,football_1,medium
213,purple!99,medium
214,purple_1,medium
215,qwerty133,weak
216,purple!1,medium
217,football!1,medium
218,letmein602,weak
219,qwerty271,weak
220,iloveyou538,weak
221,123456487,weak
222,admin525,weak
223,coffee_1,medium
224,3*YwWc+#Gi2H,strong
225,UeuWPy+OIUh1#X62q,strong
226,letmein423,weak
227,sunshine408,weak
228,123456320,weak
229,welcome383,weak
230,f@hh49QSQzjAY5$2_TA,strong
231,baseball!x,medium
232,123456358,weak
233,computer202099,medium
234,purple123x,medium
235,b(@un1xza%REkWc4qFzC,strong
236,purple_x,medium
237,password159,weak
238,dragon50,weak
239,computer123x,medium
240,dragon452,weak
241,letmein773,weak
242,computer1231,medium
243,dragon498,weak
244,computer20201,medium
245,dragon56,weak
246,welcome968,weak
247,qwerty782,weak
248,admin122,weak
249,iloveyou179,weak
250,monkey720,weak
251,monkey853,weak
252,computer202099,medium
253,HIfxGEWwE_n-,strong
254,admin90,weak
255,123456249,weak
256,iloveyou536,weak
257,welcome763,weak
258,admin797,weak
259,monkey648,weak
260,monkey198,weak
261,A-Xlhtnl5f-VJQSZ^,strong
262,iloveu$x,medium
263,sunshine69,weak
264,welcome815,weak
265,password360,weak
266,computer12399,medium
267,admin851,weak
268,123456629,weak
269,coffee123x,medium
270,purple202099,medium
271,yKleh&A2MnsHHNm,strong
272,welcome396,weak
273,admin695,weak
274,purple$1,medium
275,monkey694,weak
276,welcome741,weak
277,zSkA_1DT)xC89Y,strong
278,flower_1,medium
279,coffee_99,medium
280,welcome184,weak
281,-Krkf#h6@^cz6jCm@,strong
282,purple!x,medium
283,iloveyou373,weak
284,baseball123x,medium
285,sunshine239,weak
286,computer1231,medium
287,dragon451,weak
288,welcome796,weak
289,monkey428,weak
290,8ktW%Qh##v5u&lH,strong
291,!^(FECDgryh2zlc,strong
292,0k1Iagt@P3OivwdF8Ii,strong
293,bNskGUsFYg=fNM+QDJW=,strong
294,password365,weak
295,computer!x,medium
296,football_x,medium
297,baseball202099,medium
298,purple!x,medium
299,sunshine646,weak
300,qwerty64,weak
301,coffee202099,medium
302,letmein907,weak
303,welcome527,weak
304,monkey484,weak
305,letmein292,weak
306,password886,weak
307,computer202099,medium
308,iloveyou761,weak
309,iloveyou347,weak
310,0B8ugGG+nwhywH2mHH3,strong
311,u=-fWB8Z-kU7cf7BDR,strong
312,flower12399,medium
313,123456587,weak
314,admin407,weak
315,welcome255,weak
316,3LDQttH+v*Lj,strong
317,n2+9_=Y1Pwwl11nBr=8,strong
318,sunshine26,weak
319,dragon377,weak
320,monkey132,weak
321,football202099,medium
322,sunshine538,weak
323,iloveyou843,weak
324,baseball$x,medium
325,sunshine696,weak
326,baseball_x,medium
327,purple!99,medium
328,purple20201,medium
329,computer!1,medium
330,letmein354,weak
331,&#tWPjxOMm)lY2T#Q!cd,strong
332,iloveu$x,medium
333,dragon426,weak
334,football123x,medium
335,flower$99,medium
336,iloveyou304,weak
337,password161,weak
338,sunshine475,weak
339,dragon147,weak
340,admin751,weak
341,=jCQyJushwDUs$myR,strong
342,qwerty510,weak
343,Lxb)M_qAdL^XJO#G^36,strong
344,iloveyou52,weak
345,baseball$x,medium
346,iloveyou516,weak
347,monkey286,weak
348,iloveu_1,medium
349,123456403,weak
350,admin571,weak
351,pMMdkzKIUNyUm+,strong
352,computer_99,medium
353,iloveu_99,medium
354,computer1231,medium
355,123456426,weak
356,purple2020x,medium
357,dragon591,weak
358,password597,weak
359,monkey644,weak
360,purple1231,medium
361,baseball2020x,medium
362,oHFFpMUJ#31NQ,strong
363,Nxn*AA62W0UosQr_wvp,strong
364,computer12399,medium
365,purple$99,medium
366,monkey388,weak
367,!-9wv2AHtKpO(0kUSs,strong
368,iloveu!x,medium
369,123456423,weak
370,sunshine102,weak
371,baseball2020x,medium
372,E)%Kp_yX*gRO2),strong
373,F@(c@7o4%vcwT(,strong
374,sunshine656,weak
375,coffee!x,medium
376,letmein828,weak
377,qwerty748,weak
378,welcome735,weak
379,admin809,weak
380,letmein179,weak
381,flower12399,medium
382,football123x,medium
383,qwerty488,weak
384,letmein6,weak
385,letmein457,weak
386,computer$x,medium
387,football$x,medium
388,letmein63,weak
389,coffee$1,medium
390,monkey945,weak
391,0W)Bq-KI+C1*58!5,strong
392,iloveu2020x,medium
393,admin79,weak
394,ePMRlyNipSgM9,strong
395,monkey425,weak
396,password572,weak
397,welcome740,weak
398,welcome836,weak
399,letmein592,weak
400,iloveyou352,weak
401,iloveu20201,medium
402,cF66=XF+D%&CZYOXAnO,strong
403,flower!1,medium
404,computer123x,medium
405,coffee_99,medium
406,baseball12399,medium
407,letmein959,weak
408,cYU)^sfTHZ%sd,strong
409,monkey222,weak
410,purple20201,medium
411,computer!x,medium
412,iloveu_x,medium
413,baseball$1,medium
414,qwe-%*VGL_)Z7yFlC5J#,strong
415,qwerty825,weak
416,password575,weak
417,iloveyou570,weak
418,coffee!99,medium
419,123456944,weak
420,admin94,weak
421,purple!1,medium
422,dragon617,weak
423,123456192,weak
424,iloveu_1,medium
425,admin310,weak
426,qo445*01Esyv,strong
427,admin315,weak
428,monkey903,weak
429,123456822,weak
430,5ypxd$4bQS2worRsP)z,strong
431,coffee12399,medium
432,admin173,weak
433,monkey500,weak
434,monkey657,weak
435,c#)Y6F#r1aMCUYUKLaPa,strong
436,computer_99,medium
437,iloveyou825,weak
438,ihloO9uECEQ+rZ,strong
439,flower20201,medium
440,iloveyou565,weak
441,password719,weak
442,sunshine865,weak
443,admin579,weak
444,&*r&0Ru(0vPYn,strong
445,_S52Efms@D&z,strong
446,baseball2020x,medium
447,computer20201,medium
448,123456348,weak
449,iloveu_99,medium
450,cu+LB)GZYgV82gl2W,strong
451,computer$1,medium
452,welcome455,weak
453,welcome104,weak
454,qwerty441,weak
455,monkey524,weak
456,password91,weak
457,123456611,weak
458,computer1231,medium
459,iloveyou797,weak
460,monkey926,weak
461,RmCkwLeHGKftsVT,strong
462,123456138,weak
463,iloveyou340,weak
464,coffee$99,medium
465,dragon139,weak
466,dragon970,weak
467,coffee$1,medium
468,w0LRsC!DiQTPZP-J1,strong
469,welcome851,weak
470,purple123x,medium
471,welcome247,weak
472,qwerty732,weak
473,iloveyou75,weak
474,dragon490,weak
475,iloveu_x,medium
476,password809,weak
477,T*isYmUQXX_z8ihq4Q0q,strong
478,sunshine790,weak
479,flower_1,medium
480,password494,weak
481,iloveyou942,weak
482,@3AA7NAh2Ifd2,strong
483,admin663,weak
484,qwerty952,weak
485,NPzGJ8VoXE4^IGa,strong
486,welcome770,weak
487,purple2020x,medium
488,monkey191,weak
489,letmein468,weak
490,sunshine540,weak
491,TUSA#U91wUgkixn0M,strong
492,qwerty588,weak
493,qwerty498,weak
494,flower!x,medium
495,welcome143,weak
496,sunshine634,weak
497,admin974,weak
498,qwerty199,weak
499,iloveu_x,medium
500,sunshine425,weak
501,coffee1231,medium
502,password814,weak
503,computer202099,medium
504,welcome172,weak
505,iloveu123x,medium
506,iloveu202099,medium
507,purple$x,medium
508,football123x,medium
509,iloveyou104,weak
510,flower!99,medium
511,IA!H+6s9SA2W,strong
512,qwerty803,weak
513,letmein824,weak
514,admin545,weak
515,monkey172,weak
516,welcome296,weak
517,purple_x,medium
518,baseball1231,medium
519,1klys#DkWVCf86,strong
520,welcome711,weak
521,ILS%#h_W0#8E_!Lyv,strong
522,baseball_99,medium
523,flower20201,medium
524,sunshine16,weak
525,qwerty451,weak
526,iloveyou207,weak
527,^w%%hBgYXdV35G,strong
528,1234561,weak
529,123456135,weak
530,iloveu1231,medium
531,admin836,weak
532,iloveyou710,weak
533,123456234,weak
534,123456105,weak
535,welcome140,weak
536,qwerty656,weak
537,fQUmAq4*UHq&kj,strong
538,computer12399,medium
539,baseball$x,medium
540,monkey615,weak
541,iloveu$x,medium
542,welcome210,weak
543,iloveu!x,medium
544,password802,weak
545,LiLTO=+(k$RBZ5-,strong
546,football_1,medium
547,letmein40,weak
548,MVMF1gOUvxMp9ODW@Z,strong
549,iloveyou747,weak
550,egHIUx44j11m-N7,strong
551,baseball$1,medium
552,purple$x,medium
553,zGNt=VLMe$ml,strong
554,iloveu20201,medium
555,football20201,medium
556,sunshine372,weak
557,qwerty183,weak
558,Q*4FyF2ufCM&,strong
559,monkey47,weak
560,%$6xgICw74sB_,strong
561,3P8l(bPW0az5C4x,strong
562,letmein429,weak
563,password995,weak
564,h(&N1C=ghk!fRH_r,strong
565,admin948,weak
566,flower$99,medium
567,letmein76,weak
568,7SlmJEO_pxujl0,strong
569,flower_1,medium
570,admin151,weak
571,letmein991,weak
572,monkey50,weak
573,computer!1,medium
574,QPhh8je7qpE0)gS*f+p,strong
575,purple!1,medium
576,j)d(G3LDGA*uHlUUX,strong
577,monkey490,weak
578,welcome392,weak
579,letmein658,weak
580,s+PbD2K7AQyubTc9v9JB,strong
581,baseball!1,medium
582,letmein272,weak
583,purple20201,medium
584,purple12399,medium
585,nT91*c1-QQo+^L,strong
586,sunshine38,weak
587,letmein616,weak
588,monkey489,weak
589,dragon206,weak
590,computer!99,medium
591,qwerty600,weak
592,baseball2020x,medium
593,C)Ehwkl-8_Xn_,strong
594,iloveu$1,medium
595,purple!99,medium
596,welcome130,weak
597,password971,weak
598,iloveu123x,medium
599,dragon325,weak
600,WhLzfAyW_!Y3zap,strong
601,computer$1,medium
602,football12399,medium
603,baseball12399,medium
604,PhK$X0mf#wy-fmC3P,strong
605,z=^1GXUGez=FQ,strong
606,uvsdR@lBGwYTpbmwg#xE,strong
607,welcome93,weak
608,coffee!99,medium
609,odHu@Ql0hY9F5reDN,strong
610,RrwE#cRNR=l-I-mqodf,strong
611,baseball!x,medium
612,12345689,weak
613,iloveyou565,weak
614,welcome532,weak
615,password805,weak
616,iloveu_99,medium
617,qwerty151,weak
618,iloveu20201,medium
619,football$x,medium
620,uXRJnEUZEE%0dKuCz8,strong
621,sunshine878,weak
622,football!1,medium
623,sunshine792,weak
624,computer123x,medium
625,baseball1231,medium
626,45$!NmxMk#%co@@sI*,strong
627,computer$99,medium
628,flower2020x,medium
629,admin500,weak
630,baseball123x,medium
631,computer!99,medium
632,flower202099,medium
633,password166,weak
634,$XZuFb76a*XTat9,strong
635,welcome433,weak
636,IqwNVSa+_@QTv0Kzv,strong
637,welcome267,weak
638,flower$1,medium
639,letmein921,weak
640,dragon413,weak
641,flower!x,medium
642,sunshine302,weak
643,iloveyou414,weak
644,password597,weak
645,iloveu!99,medium
646,baseball_x,medium
647,flower$x,medium
648,qwerty860,weak
649,iloveu!99,medium
650,qwerty758,weak
651,monkey781,weak
652,Xqq%F^CSJieWSVJoj,strong
653,iloveu$99,medium
654,qwerty140,weak
655,FR&Iy27LVnWau5m6L,strong
656,football!x,medium
657,iloveyou413,weak
658,sunshine392,weak
659,monkey204,weak
660,football$x,medium
661,password641,weak
662,baseball$99,medium
663,iloveyou515,weak
664,baseball20201,medium
665,welcome466,weak
666,iloveu_99,medium
667,qwerty350,weak
668,Bo-*Er3j3SmBXc%tOd+,strong
669,flower20201,medium
670,coffee12399,medium
671,welcome485,weak
672,baseball202099,medium
673,123456678,weak
674,iloveu_x,medium
675,123456523,weak
676,football$1,medium
677,coffee!x,medium
678,welcome851,weak
679,baseball$x,medium
680,qwerty40,weak
681,baseball12399,medium
682,password687,weak
683,123456855,weak
684,coffee!1,medium
685,football202099,medium
686,coffee$99,medium
687,123456832,weak
688,password872,weak
689,admin436,weak
690,football20201,medium
691,y^-u3CAiEI@0KG,strong
692,i0e)mFS8ZnCBc0,strong
693,baseball12399,medium
694,iloveyou451,weak
695,welcome670,weak
696,monkey785,weak
697,flower_1,medium
698,N0UG3KYWl!^Ua)MJL,strong
699,sunshine328,weak
700,welcome51,weak
701,iloveu12399,medium
702,football12399,medium
703,coffee202099,medium
704,123456509,weak
705,football202099,medium
706,monkey562,weak
707,123456810,weak
708,iloveu$x,medium
709,flower12399,medium
710,password836,weak
711,sunshine339,weak
712,iloveu_99,medium
713,computer1231,medium
714,letmein2,weak
715,welcome560,weak
716,flower20201,medium
717,k22iUo(DI72iF(@S6IY,strong
718,_a3QGS(7*0n9hX,strong
719,computer_99,medium
720,dragon937,weak
721,baseball$99,medium
722,IkF14w1$2)WpVwAZ,strong
723,M0yiAKRYF4@v#9,strong
724,football1231,medium
725,password204,weak
726,qwerty293,weak
727,baseball2020x,medium
728,baseball_1,medium
729,sunshine104,weak
730,flower_1,medium
731,iloveu1231,medium
732,purple$x,medium
733,coffee12399,medium
734,_e4p%$HrW1BS4o3oI,strong
735,onNCGQjStz1ll,strong
736,password792,weak
737,LRB7yqnfMFOgqqzB,strong
738,dragon543,weak
739,monkey843,weak
740,flower20201,medium
741,coffee!x,medium
742,iloveu!1,medium
743,computer1231,medium
744,monkey741,weak
745,monkey841,weak
746,iloveu_99,medium
747,welcome919,weak
748,computer_1,medium
749,_6OVqVq0@p!%4H,strong
750,football!1,medium
751,admin38,weak
752,password182,weak
753,iloveu2020x,medium
754,computer12399,medium
755,iloveyou443,weak
756,iloveyou689,weak
757,password656,weak
758,football_1,medium
759,football$x,medium
760,welcome621,weak
761,sunshine390,weak
762,password485,weak
763,letmein139,weak
764,purple_99,medium
765,w^_$X-a%kdRDPg,strong
766,admin216,weak
767,monkey145,weak
768,letmein631,weak
769,baseball20201,medium
770,iloveu2020x,medium
771,monkey74,weak
772,123456256,weak
773,dragon498,weak
774,jXhV&yIUxSQByGasq,strong
775,coffee$99,medium
776,admin898,weak
777,sunshine367,weak
778,coffee_1,medium
779,dragon83,weak
780,purple!x,medium
781,123456744,weak
782,password869,weak
783,football_x,medium
784,dragon217,weak
785,t^PXlD^S$kMgBas_=Z5k,strong
786,dragon971,weak
787,purple!x,medium
788,computer20201,medium
789,baseball202099,medium
790,password684,weak
791,admin397,weak
792,sunshine902,weak
793,admin105,weak
794,iloveu$x,medium
795,monkey583,weak
796,iloveyou374,weak
797,purple2020x,medium
798,letmein528,weak
799,admin498,weak
800,iloveu2020x,medium
801,mfWqoB2ir92KKqm@bdR,strong
802,monkey40,weak
803,etn-TQb2YvgI+$,strong
804,iloveyou615,weak
805,dragon840,weak
806,iloveu_99,medium
807,admin944,weak
808,dragon70,weak
809,iloveyou135,weak
810,letmein535,weak
811,0!Un&T%O5hY&Oa)ZGF%1,strong
812,sunshine808,weak
813,computer_x,medium
814,Gt6*gTPta4aNN,strong
815,letmein704,weak
816,coffee$1,medium
817,dragon259,weak
818,monkey433,weak
819,iloveu$x,medium
820,letmein423,weak
821,iloveu1231,medium
822,monkey495,weak
823,welcome591,weak
824,iloveyou753,weak
825,123456765,weak
826,qwerty102,weak
827,iloveyou804,weak
828,monkey628,weak
829,flower20201,medium
830,password823,weak
831,qwerty482,weak
832,gtCU3(EXv_e6nLa#(N,strong
833,dragon522,weak
834,baseball_1,medium
835,computer!x,medium
836,qwerty88,weak
837,AESN4fgv@*A_vUo(Rt,strong
838,123456572,weak
839,welcome348,weak
840,-%9R0_Q65_IJScifW+Zr,strong
841,admin528,weak
842,flower$1,medium
843,iloveyou689,weak
844,computer2020x,medium
845,xqRn4(o4rsur@@B7jf-,strong
846,password782,weak
847,#Cx&%Run6ME5,strong
848,monkey818,weak
849,monkey33,weak
850,coffee!99,medium
851,I0aqSyUtPsJUBLq1C#vn,strong
852,dragon702,weak
853,123456738,weak
854,letmein568,weak
855,iloveyou200,weak
856,qwerty484,weak
857,baseball12399,medium
858,monkey546,weak
859,purple12399,medium
860,dragon48,weak
861,qwerty61,weak
862,welcome487,weak
863,football123x,medium
864,admin368,weak
865,purple$99,medium
866,123456359,weak
867,RXO=vyM6HfUJ-$W,strong
868,VR#fmrywuWuH$BS_Fn,strong
869,letmein677,weak
870,123456215,weak
871,12345697,weak
872,sunshine561,weak
873,iloveyou536,weak
874,football202099,medium
875,football12399,medium
876,welcome453,weak
877,baseball_1,medium
878,admin881,weak
879,J%)Pk-OSI4%HWO*Krgx,strong
880,qwerty310,weak
881,monkey834,weak
882,baseball$99,medium
883,password704,weak
884,w68T8Po^Hs2X!qgVN8U,strong
885,computer$x,medium
886,purple$99,medium
887,123456186,weak
888,123456652,weak
889,sunshine278,weak
890,coffee!99,medium
891,password992,weak
892,baseball202099,medium
893,sunshine744,weak
894,123456154,weak
895,letmein350,weak
896,sunshine380,weak
897,password338,weak
898,qwerty57,weak
899,iloveyou73,weak
900,baseball!99,medium
901,purple20201,medium
902,D=s+p3hYpD_)m34,strong
903,football$99,medium
904,baseball$1,medium
905,_rGb8SEs_S00l6s,strong
906,dragon346,weak
907,eW18jr=759Ho,strong
908,computer!99,medium
909,1QPLRPyJ$T$mOI!PI6M,strong
910,football_99,medium
911,baseball$x,medium
912,monkey838,weak
913,monkey699,weak
914,monkey157,weak
915,computer123x,medium
916,123456535,weak
917,football!1,medium
918,iocWDLVSdq2a*X(,strong
919,coffee202099,medium
920,coffee$x,medium
921,dragon272,weak
922,flower202099,medium
923,letmein983,weak
924,football!x,medium
925,letmein538,weak
926,iloveu!x,medium
927,coffee2020x,medium
928,flower123x,medium
929,football!1,medium
930,iloveu$x,medium
931,dragon453,weak
932,P+#FW!ysPCP4BI-ac,strong
933,password530,weak
934,welcome6,weak
935,letmein219,weak
936,6)!*MRRhIlu^,strong
937,welcome830,weak
938,dragon409,weak
939,baseball2020x,medium
940,sunshine177,weak
941,dragon839,weak
942,c9C7(z%H(j64#(WW,strong
943,monkey42,weak
944,dragon153,weak
945,letmein156,weak
946,iloveyou994,weak
947,dragon589,weak
948,baseball12399,medium
949,baseball!99,medium
950,dragon763,weak
951,iloveyou268,weak
952,monkey444,weak
953,baseball!99,medium
954,coffee123x,medium
955,iloveu_x,medium
956,baseball202099,medium
957,computer_1,medium
958,iloveyou433,weak
959,letmein328,weak
960,password788,weak
961,admin631,weak
962,purple123x,medium
963,password946,weak
964,baseball$1,medium
965,purple20201,medium
966,baseball_1,medium
967,b0iIbpOpNtK3k1bS,strong
968,football$1,medium
969,letmein808,weak
970,computer202099,medium
971,football202099,medium
972,flower$1,medium
973,iloveyou236,weak
974,=hx$OoMI(bsOzDlAAVr=,strong
975,purple2020x,medium
976,iloveyou911,weak
977,)-rzDk3NZ%0F,strong
978,coffee$x,medium
979,monkey134,weak
980,qwerty594,weak
981,purple!1,medium
982,monkey931,weak
983,qwerty671,weak
984,yQ-iy%36%FFH(^,strong
985,lojb=UUUTrbg7k#J,strong
986,baseball12399,medium
987,qwerty197,weak
988,iloveyou782,weak
989,-qZppn-HU0$^G6U!,strong
990,coffee_x,medium
991,iloveu_x,medium
992,NI!d+NE3QNVd,strong
993,iloveyou905,weak
994,welcome472,weak
995,welcome627,weak
996,&JXgMnS^PDybI&&^gyX2,strong
997,12345693,weak
998,sunshine649,weak
999,monkey724,weak
1000,monkey626,weak
1001,Pdmz%$mk6dx3_vn&-a,strong
1002,football12399,medium
1003,9ULqYIHTa^vV!poeAlcR,strong
1004,computer20201,medium
1005,qwerty165,weak
1006,iloveu_x,medium
1007,baseball123x,medium
1008,football202099,medium
1009,iloveyou839,weak
1010,iloveyou863,weak
1011,computer1231,medium
1012,welcome337,weak
1013,iloveu!x,medium
1014,password111,weak
1015,flower_1,medium
1016,dragon956,weak
1017,flower$99,medium
1018,computer$x,medium
1019,iloveu$1,medium
1020,coffee_x,medium
1021,coffee!x,medium
1022,welcome198,weak
1023,password476,weak
1024,football!x,medium
1025,dA9qW0tfwP6izER-@o,strong
1026,flower12399,medium
1027,flower!99,medium
1028,sunshine913,weak
1029,J9(eNQZQbRz*8fl@z,strong
1030,monkey862,weak
1031,dragon398,weak
1032,123456885,weak
1033,computer$x,medium
1034,iloveyou88,weak
1035,letmein380,weak
1036,welcome221,weak
1037,baseball202099,medium
1038,purple!1,medium
1039,password818,weak
1040,monkey157,weak
1041,sunshine750,weak
1042,6k%!)Zk3I2Na(0Tg,strong
1043,password105,weak
1044,flower$1,medium
1045,computer!99,medium
1046,welcome283,weak
1047,purple123x,medium
1048,qwerty161,weak
1049,password981,weak
1050,iloveu20201,medium
1051,iloveu$99,medium
1052,welcome587,weak
1053,123456318,weak
1054,computer_99,medium
1055,password482,weak
1056,ieGnTT@1Ux!2,strong
1057,iloveu202099,medium
1058,football1231,medium
1059,sunshine481,weak
1060,letmein147,weak
1061,*D1Y7^IcKAJm6Tjh,strong
1062,purple202099,medium
1063,football$x,medium
1064,dragon423,weak
1065,letmein561,weak
1066,sunshine393,weak
1067,letmein833,weak
1068,coffee123x,medium
1069,iloveu!1,medium
1070,football_99,medium
1071,dragon474,weak
1072,123456841,weak
1073,welcome978,weak
1074,dragon111,weak
1075,iloveu12399,medium
1076,password92,weak
1077,qwerty908,weak
1078,purple20201,medium
1079,coffee_99,medium
1080,dragon457,weak
1081,admin306,weak
1082,flower$99,medium
1083,computer2020x,medium
1084,monkey413,weak
1085,purple$1,medium
1086,monkey991,weak
1087,monkey840,weak
1088,$$r1DyDCPYKoD,strong
1089,l+Ykfb2KH+gWFI7TGn,strong
1090,iloveu12399,medium
1091,qwerty434,weak
1092,iloveu123x,medium
1093,monkey275,weak
1094,monkey590,weak
1095,password581,weak
1096,admin115,weak
1097,flower20201,medium
1098,iloveu$99,medium
1099,iloveu_1,medium
1100,123456700,weak
1101,purple_99,medium
1102,computer_1,medium
1103,monkey927,weak
1104,admin431,weak
1105,welcome296,weak
1106,dragon767,weak
1107,dragon266,weak
1108,sunshine592,weak
1109,password672,weak
1110,vgM#vkv$binS,strong
1111,sunshine378,weak
1112,computer!99,medium
1113,monkey882,weak
1114,123456990,weak
1115,qwerty857,weak
1116,iloveyou788,weak
1117,sunshine743,weak
1118,baseball_x,medium
1119,football$1,medium
1120,sunshine408,weak
1121,sunshine764,weak
1122,rZDtOHv8DxO-hOA#UXuu,strong
1123,computer_99,medium
1124,letmein751,weak
1125,purple!x,medium
1126,qwerty320,weak
1127,flower20201,medium
1128,123456537,weak
1129,sunshine359,weak
1130,welcome257,weak
1131,password634,weak
1132,dragon672,weak
1133,-W1j$jX&R_&0tJ),strong
1134,computer123x,medium
1135,t7veD+t9nf=pDXiPG,strong
1136,football123x,medium
1137,password74,weak
1138,welcome795,weak
1139,sunshine152,weak
1140,football2020x,medium
1141,qwerty716,weak
1142,iloveyou588,weak
1143,sunshine489,weak
1144,123456553,weak
1145,iloveyou977,weak
1146,purple1231,medium
1147,computer$x,medium
1148,password647,weak
1149,B#z@5wpQ_YwDi,strong
1150,coffee2020x,medium
1151,letmein143,weak
1152,password737,weak
1153,LePxO@I+ce7di9Y,strong
1154,monkey152,weak
1155,baseball20201,medium
1156,coffee202099,medium
1157,sXbW&!hU@e!i,strong
1158,iloveu!1,medium
1159,coffee$x,medium
1160,computer2020x,medium
1161,baseball$1,medium
1162,iloveu!99,medium
1163,welcome144,weak
1164,baseball$x,medium
1165,letmein947,weak
1166,baseball2020x,medium
1167,purple!1,medium
1168,angX^F960pWNF,strong
1169,T2Ug!wFQo==V,strong
1170,MJVpeil#*Lm(eBptU^Ih,strong
1171,monkey180,weak
1172,password496,weak
1173,football!x,medium
1174,dragon333,weak
1175,admin235,weak
1176,computer!1,medium
1177,iloveyou890,weak
1178,letmein75,weak
1179,sunshine55,weak
1180,qUnCIoBuzcRviJ,strong
1181,admin225,weak
1182,8WUm_#g$L+S@v3,strong
1183,baseball!99,medium
1184,letmein913,weak
1185,*&Fd+3MGD90hLg,strong
1186,flower1231,medium
1187,welcome244,weak
1188,football202099,medium
1189,baseball123x,medium
1190,football12399,medium
1191,purple1231,medium
1192,computer123x,medium
1193,purple202099,medium
1194,Ow51URp0Vz(N*BdDJ,strong
1195,admin179,weak
1196,flower2020x,medium
1197,baseball!99,medium
1198,123456664,weak
1199,dragon892,weak
1200,55y&MGeCIM@JO!&,strong
1201,admin819,weak
1202,flower20201,medium
1203,gDn-fmillp-bFZ(KF4b,strong
1204,password892,weak
1205,purple_x,medium
1206,dragon351,weak
1207,purple$99,medium
1208,flower_x,medium
1209,welcome580,weak
1210,welcome175,weak
1211,baseball12399,medium
1212,lv-VmOnn1&8m,strong
1213,admin588,weak
1214,welcome378,weak
1215,monkey724,weak
1216,admin352,weak
1217,sunshine552,weak
1218,w*ELlIya4=z1Kw)=RlQ&,strong
1219,123456749,weak
1220,password142,weak
1221,football$1,medium
1222,letmein456,weak
1223,admin56,weak
1224,baseball_x,medium
1225,welcome200,weak
1226,monkey869,weak
1227,123456999,weak
1228,baseball12399,medium
1229,iloveu2020x,medium
1230,qwerty733,weak
1231,DaAxHQq^4FHm3&3F@,strong
1232,baseball!99,medium
1233,monkey343,weak
1234,dragon774,weak
1235,password419,weak
1236,computer1231,medium
1237,flower_1,medium
1238,iloveyou296,weak
1239,football$x,medium
1240,monkey757,weak
1241,password810,weak
1242,welcome307,weak
1243,jYvn&Xc6L_TBKHt0=!C,strong
1244,football$1,medium
1245,baseball$99,medium
1246,BeBW-dwWfoV6Tm,strong
1247,admin846,weak
1248,purple$99,medium
1249,flower$1,medium
1250,computer!1,medium
1251,welcome381,weak
1252,coffee$1,medium
1253,qwerty515,weak
1254,letmein814,weak
1255,#218F*ijbA0kH+N_nx4j,strong
1256,qwerty704,weak
1257,qwerty214,weak
1258,123456435,weak
1259,purple20201,medium
1260,sunshine775,weak
1261,letmein110,weak
1262,monkey607,weak
1263,123456930,weak
1264,123456308,weak
1265,purple20201,medium
1266,SpYcl4vSA#7UMf!,strong
1267,iloveu!x,medium
1268,welcome175,weak
1269,a3(*#K1oZi@=GNE5xJNL,strong
1270,welcome570,weak
1271,football$99,medium
1272,welcome467,weak
1273,computer1231,medium
1274,computer1231,medium
1275,)BaZZENZjE0=4^mBpp#,strong
1276,letmein858,weak
1277,sunshine285,weak
1278,purple_x,medium
1279,iloveyou364,weak
1280,dragon972,weak
1281,sunshine523,weak
1282,sunshine110,weak
1283,sunshine509,weak
1284,qwerty30,weak
1285,password850,weak
1286,password995,weak
1287,dragon695,weak
1288,welcome636,weak
1289,purple2020x,medium
1290,purple12399,medium
1291,sunshine502,weak
1292,iloveu$x,medium
1293,purple202099,medium
1294,DxCIcQ$x1Lk2L,strong
1295,sunshine675,weak
1296,iloveu_99,medium
1297,qwerty518,weak
1298,welcome506,weak
1299,coffee_x,medium
1300,welcome328,weak
1301,dragon46,weak
1302,admin357,weak
1303,iloveu2020x,medium
1304,123456438,weak
1305,admin421,weak
1306,letmein253,weak
1307,welcome606,weak
1308,123456889,weak
1309,admin173,weak
1310,admin38,weak
1311,iloveyou581,weak
1312,coffee$1,medium
1313,iloveu202099,medium
1314,iloveyou330,weak
1315,purple1231,medium
1316,baseball$99,medium
1317,purple$1,medium
1318,computer1231,medium
1319,123456860,weak
1320,vd+Er4g#hzf8Kp8,strong
1321,computer_99,medium
1322,monkey320,weak
1323,iloveyou257,weak
1324,coffee_1,medium
1325,$Rq_4J)OU6GRVNBll0wH,strong
1326,123456649,weak
1327,iloveyou273,weak
1328,flower!99,medium
1329,baseball1231,medium
1330,letmein28,weak
1331,welcome475,weak
1332,iloveyou432,weak
1333,football!1,medium
1334,password264,weak
1335,computer_1,medium
1336,football1231,medium
1337,123456321,weak
1338,purple202099,medium
1339,E@#rRMjYS6NLg,strong
1340,purple$99,medium
1341,flower123x,medium
1342,coffee!1,medium
1343,letmein993,weak
1344,iloveyou260,weak
1345,LC-yGZ_%)B2!,strong
1346,dragon35,weak
1347,flower2020x,medium
1348,tDW1&0OrHa_(*w),strong
1349,computer!1,medium
1350,%6Ec$!)JF@2%!!1MA,strong
1351,purple_x,medium
1352,password780,weak
1353,qwerty645,weak
1354,qwerty3,weak
1355,welcome321,weak
1356,football!1,medium
1357,purple!x,medium
1358,purple$99,medium
1359,qwerty266,weak
1360,dragon846,weak
1361,welcome203,weak
1362,admin186,weak
1363,iloveyou967,weak
1364,iloveu!1,medium
1365,XV&=p1mEGtgB)i2H*IZj,strong
1366,baseball$99,medium
1367,coffee!99,medium
1368,+vZFFlwtU&C0Iak,strong
1369,iloveyou703,weak
1370,iloveyou725,weak
1371,dragon262,weak
1372,monkey60,weak
1373,letmein482,weak
1374,aMC=Zk^dnmLz,strong
1375,123456324,weak
1376,coffee!99,medium
1377,password130,weak
1378,welcome765,weak
1379,iloveyou289,weak
1380,U5ux^x+6l#X8elrc,strong
1381,sunshine446,weak
1382,sunshine41,weak
1383,monkey496,weak
1384,123456866,weak
1385,baseball202099,medium
1386,welcome184,weak
1387,flower_99,medium
1388,flower_1,medium
1389,football_x,medium
1390,123456252,weak
1391,flower202099,medium
1392,123456403,weak
1393,123456857,weak
1394,password83,weak
1395,sunshine464,weak
1396,computer_x,medium
1397,password671,weak
1398,coffee$x,medium
1399,qdWyef-CEn_$g#,strong
1400,iloveyou291,weak
1401,flower!1,medium
1402,iloveyou753,weak
1403,computer_1,medium
1404,123456852,weak
1405,letmein501,weak
1406,iloveyou487,weak
1407,dragon433,weak
1408,iloveyou830,weak
1409,qwerty444,weak
1410,football2020x,medium
1411,sunshine692,weak
1412,qwerty953,weak
1413,monkey85,weak
1414,iloveyou81,weak
1415,w=0wsGRP*NMFJ29BS6b,strong
1416,coffee!1,medium
1417,football202099,medium
1418,x35I9z*9qf=tZGbE,strong
1419,sunshine471,weak
1420,purple_x,medium
1421,dragon832,weak
1422,0_Z9gko!0ocKls@$O,strong
1423,sunshine151,weak
1424,password119,weak
1425,qwerty756,weak
1426,coffee1231,medium
1427,pR@daV2=#4TQwLK,strong
1428,iloveu1231,medium
1429,iloveu202099,medium
1430,iloveu202099,medium
1431,^iVXIHm3JHMS0(#2J^,strong
1432,coffee123x,medium
1433,computer1231,medium
1434,computer2020x,medium
1435,qwerty204,weak
1436,sunshine103,weak
1437,coffee$1,medium
1438,password18,weak
1439,welcome365,weak
1440,baseball_1,medium
1441,computer1231,medium
1442,football_1,medium
1443,admin803,weak
1444,password788,weak
1445,&#%Thd)8_5=7U$hQ,strong
1446,baseball20201,medium
1447,315L%lB!jp_6a@,strong
1448,welcome517,weak
1449,welcome381,weak
1450,coffee$x,medium
1451,baseball_99,medium
1452,baseball12399,medium
1453,-NZ)H62NfzE6GDc(lR=,strong
1454,_F^1%2xA!&UlEW^VUHA9,strong
1455,purple!99,medium
1456,monkey342,weak
1457,qwerty532,weak
1458,qMxzWb^Pt@xGM3@t,strong
1459,football2020x,medium
1460,w4I=9+Q^VOTAv72Z2Ns,strong
1461,dragon197,weak
1462,computer1231,medium
1463,iloveyou848,weak
1464,12345663,weak
1465,qwerty487,weak
1466,123456378,weak
1467,coffee_x,medium
1468,coffee$x,medium
1469,iloveyou450,weak
1470,coffee1231,medium
1471,qwerty496,weak
1472,baseball_x,medium
1473,letmein466,weak
1474,qwerty966,weak
1475,football_99,medium
1476,admin585,weak
1477,monkey156,weak
1478,welcome383,weak
1479,sunshine28,weak
1480,baseball_99,medium
1481,welcome910,weak
1482,qwerty838,weak
1483,football2020x,medium
1484,password427,weak
1485,welcome579,weak
1486,admin800,weak
1487,dragon135,weak
1488,iloveu12399,medium
1489,baseball$1,medium
1490,flower_99,medium
1491,iloveyou347,weak
1492,flower123x,medium
1493,123456886,weak
1494,password585,weak
1495,purple$x,medium
1496,flower_1,medium
1497,dragon554,weak
1498,football_x,medium
1499,sunshine514,weak
1500,YO_up@@SgOySL,strong
1501,HF$ytihmktgxEmUyc,strong
1502,iloveyou101,weak
1503,iloveyou914,weak
1504,iloveyou964,weak
1505,football20201,medium
1506,dragon600,weak
1507,monkey770,weak
1508,football$1,medium
1509,monkey416,weak
1510,password417,weak
1511,football$x,medium
1512,sQ7xEgWp_C=7O,strong
1513,monkey462,weak
1514,sunshine984,weak
1515,computer!1,medium
1516,sunshine279,weak
1517,purple12399,medium
1518,baseball_x,medium
1519,qwerty756,weak
1520,football$1,medium
1521,123456850,weak
1522,monkey286,weak
1523,U-yZAt5Is=zITb0,strong
1524,football_99,medium
1525,password688,weak
1526,monkey916,weak
1527,coffee123x,medium
1528,123456551,weak
1529,sunshine688,weak
1530,iloveyou847,weak
1531,coffee!x,medium
1532,J)Hqbv(BgUx2r,strong
1533,admin37,weak
1534,dragon214,weak
1535,iloveyou113,weak
1536,LPYQZQejetRrN7oZ+0Ot,strong
1537,coffee202099,medium
1538,flower202099,medium
1539,iloveyou280,weak
1540,monkey477,weak
1541,monkey777,weak
1542,letmein48,weak
1543,iloveyou545,weak
1544,password401,weak
1545,123456901,weak
1546,football!x,medium
1547,123456939,weak
1548,qwerty337,weak
1549,12345628,weak
1550,password606,weak
1551,computer$1,medium
1552,letmein981,weak
1553,password841,weak
1554,letmein966,weak
1555,dragon634,weak
1556,123456640,weak
1557,12345687,weak
1558,C^07e8eUGhed,strong
1559,coffee2020x,medium
1560,baseball_x,medium
1561,coffee12399,medium
1562,iloveu_1,medium
1563,password464,weak
1564,iloveu!1,medium
1565,dragon730,weak
1566,letmein926,weak
1567,flower_99,medium
1568,sunshine742,weak
1569,baseball!1,medium
1570,football!99,medium
1571,iloveu$99,medium
1572,iloveu!1,medium
1573,dragon351,weak
1574,password530,weak
1575,flower!1,medium
1576,monkey879,weak
1577,admin200,weak
1578,7zY0=TzR_UFmI7d,strong
1579,password654,weak
1580,letmein477,weak
1581,baseball123x,medium
1582,purple$x,medium
1583,iloveyou188,weak
1584,football$1,medium
1585,password568,weak
1586,welcome450,weak
1587,dragon934,weak
1588,football20201,medium
1589,qwerty224,weak
1590,zQnb#*bZC7i)xs,strong
1591,flower!x,medium
1592,%ek(8oCCT=sdUoO8ye,strong
1593,purple!x,medium
1594,pgJYeM5XMLJyC02LuE(,strong
1595,football!1,medium
1596,$Ex^R)CPkgHASJVGJF9,strong
1597,iloveyou25,weak
1598,letmein271,weak
1599,computer202099,medium
1600,iloveu_x,medium
1601,welcome948,weak
1602,12345673,weak
1603,monkey205,weak
1604,admin256,weak
1605,welcome195,weak
1606,baseball_99,medium
1607,welcome288,weak
1608,purple12399,medium
1609,purple202099,medium
1610,purple!99,medium
1611,letmein485,weak
1612,dragon804,weak
1613,coffee12399,medium
1614,computer!99,medium
1615,flower1231,medium
1616,monkey30,weak
1617,dragon894,weak
1618,password511,weak
1619,purple$99,medium
1620,iloveyou702,weak
1621,purple_99,medium
1622,password581,weak
1623,baseball!99,medium
1624,purple_x,medium
1625,coffee1231,medium
1626,OoiRI&hhQc0Lo,strong
1627,iloveyou290,weak
1628,welcome675,weak
1629,coffee202099,medium
1630,baseball$99,medium
1631,123456132,weak
1632,coffee202099,medium
1633,jpG1KT)SM0uakeE,strong
1634,iloveu$x,medium
1635,JcgX*A#8D!#FnUGDY1h,strong
1636,football!1,medium
1637,monkey298,weak
1638,football!99,medium
1639,monkey124,weak
1640,5M7FmpdcWZJAE,strong
1641,password10,weak
1642,qwerty334,weak
1643,coffee12399,medium
1644,monkey672,weak
1645,sunshine143,weak
1646,welcome861,weak
1647,password621,weak
1648,welcome127,weak
1649,coffee!1,medium
1650,football$1,medium
1651,qwerty221,weak
1652,flower_1,medium
1653,password856,weak
1654,iloveu202099,medium
1655,coffee2020x,medium
1656,iloveyou785,weak
1657,letmein383,weak
1658,gG+zoYq^8@mmFiy,strong
1659,baseball_1,medium
1660,)jqBnEyDIf9XCfqwT=,strong
1661,monkey810,weak
1662,thyVD(6kn50=Yf,strong
1663,dragon459,weak
1664,letmein515,weak
1665,football!1,medium
1666,football$1,medium
1667,purple!x,medium
1668,qwerty383,weak
1669,letmein155,weak
1670,password243,weak
1671,4yvW5N=Xvb#zsO&Ys02,strong
1672,coffee_99,medium
1673,password66,weak
1674,-d+)jnP8pMGJm,strong
1675,iloveyou180,weak
1676,computer$x,medium
1677,letmein278,weak
1678,g_EmHM35!8bC#5(Tl3t,strong
1679,sunshine290,weak
1680,dragon492,weak
1681,qwerty732,weak
1682,qwerty938,weak
1683,password882,weak
1684,flower$99,medium
1685,iloveyou962,weak
1686,admin393,weak
1687,dragon72,weak
1688,password943,weak
1689,dragon166,weak
1690,iloveyou980,weak
1691,admin521,weak
1692,flower$x,medium
1693,iloveyou948,weak
1694,letmein248,weak
1695,admin646,weak
1696,football!99,medium
1697,flower!99,medium
1698,dragon974,weak
1699,baseball20201,medium
1700,flower12399,medium
1701,football_1,medium
1702,@tw_YDxF%3gW7A,strong
1703,letmein952,weak
1704,flower$1,medium
1705,af0NX3mC1pn-I9oen5t,strong
1706,H*iWggjecrK5au-Y7d,strong
1707,password384,weak
1708,purple$99,medium
1709,admin618,weak
1710,admin698,weak
1711,!)YCeBzhI13^kT%v1,strong
1712,computer123x,medium
1713,purple123x,medium
1714,letmein3,weak
1715,bBd9yHUEUgG((+$&3,strong
1716,letmein729,weak
1717,monkey897,weak
1718,purple_1,medium
1719,123456308,weak
1720,iloveu1231,medium
1721,KPsm)1i+c(yDv,strong
1722,flower123x,medium
1723,qwerty944,weak
1724,flower1231,medium
1725,computer!x,medium
1726,iloveu2020x,medium
1727,iloveyou669,weak
1728,iloveu1231,medium
1729,123456297,weak
1730,123456348,weak
1731,baseball2020x,medium
1732,admin976,weak
1733,password318,weak
1734,monkey194,weak
1735,coffee$99,medium
1736,purple!x,medium
1737,iloveu!1,medium
1738,monkey872,weak
1739,qwerty835,weak
1740,LITlY81Tx+j+1K!,strong
1741,iloveyou60,weak
1742,l2#)r3(6$3w9*mbDG,strong
1743,admin775,weak
1744,123456540,weak
1745,computer!x,medium
1746,hy8$e)xXRHK&p9oXB$,strong
1747,qwerty385,weak
1748,ZmeBK)iNzGl2sjExTn,strong
1749,purple202099,medium
1750,uXBjgLYMbRRu48nKWG,strong
1751,football$1,medium
1752,purple_1,medium
1753,password403,weak
1754,iloveu_99,medium
1755,dragon551,weak
1756,purple20201,medium
1757,nTnQ8jjpmQ#c=,strong
1758,computer_1,medium
1759,password254,weak
1760,monkey926,weak
1761,flower_99,medium
1762,sunshine711,weak
1763,admin620,weak
1764,baseball2020x,medium
1765,baseball20201,medium
1766,letmein980,weak
1767,monkey221,weak
1768,computer!x,medium
1769,football_99,medium
1770,qwerty409,weak
1771,welcome692,weak
1772,qwerty548,weak
1773,welcome648,weak
1774,baseball$x,medium
1775,purple_x,medium
1776,qwerty323,weak
1777,C_suOZEzg*7l8uh=q-,strong
1778,football!x,medium
1779,computer_99,medium
1780,admin717,weak
1781,computer_99,medium
1782,football!99,medium
1783,n9Z7P^ETt02XkRu*WC,strong
1784,flower_99,medium
1785,baseball12399,medium
1786,iloveu$99,medium
1787,)%9x$-Exgg3)me4QL%_G,strong
1788,flower!99,medium
1789,monkey714,weak
1790,password631,weak
1791,password731,weak
1792,monkey767,weak
1793,monkey700,weak
1794,iloveu1231,medium
1795,purple_1,medium
1796,admin859,weak
1797,admin975,weak
1798,sunshine388,weak
1799,123456346,weak
1800,@#$wKuaVD((-N^),strong
1801,eaIwiA2EaGpO&F*a6tJ,strong
1802,admin438,weak
1803,9iH@mAGB%podD4&mpKYu,strong
1804,monkey507,weak
1805,flower!99,medium
1806,purple123x,medium
1807,flower1231,medium
1808,123456811,weak
1809,qwerty352,weak
1810,purple!1,medium
1811,computer123x,medium
1812,coffee12399,medium
1813,123456779,weak
1814,dragon156,weak
1815,baseball!99,medium
1816,purple$x,medium
1817,iloveyou203,weak
1818,123456717,weak
1819,iloveu!1,medium
1820,rkc+(GUgdExWrz,strong
1821,monkey437,weak
1822,computer202099,medium
1823,admin728,weak
1824,admin916,weak
1825,password0,weak
1826,admin217,weak
1827,welcome930,weak
1828,coffee!99,medium
1829,ziYZ6jB94STsuSgiV,strong
1830,football_x,medium
1831,baseball1231,medium
1832,monkey633,weak
1833,sunshine779,weak
1834,qwerty44,weak
1835,iloveyou563,weak
1836,purple_99,medium
1837,ViHKN-8mu_w-e_o9LON,strong
1838,sunshine768,weak
1839,iloveu12399,medium
1840,baseball!1,medium
1841,letmein606,weak
1842,purple_99,medium
1843,flower_99,medium
1844,letmein303,weak
1845,iloveu20201,medium
1846,monkey243,weak
1847,qwerty964,weak
1848,u8Ws!OaATCg1P2,strong
1849,dragon301,weak
1850,password640,weak
1851,purple$1,medium
1852,computer!99,medium
1853,X$)S20)tVTpHypV$EH3G,strong
1854,sunshine95,weak
1855,sunshine189,weak
1856,baseball!x,medium
1857,qwerty663,weak
1858,welcome166,weak
1859,0okGIXE3k5ahDib@)k,strong
1860,computer!x,medium
1861,purple20201,medium
1862,purple$x,medium
1863,qwerty491,weak
1864,coffee!99,medium
1865,qwerty249,weak
1866,welcome642,weak
1867,football20201,medium
1868,football_99,medium
1869,letmein24,weak
1870,iloveyou150,weak
1871,welcome231,weak
1872,02&L+r-vfzB(gdlGzn,strong
1873,welcome639,weak
1874,computer202099,medium
1875,(92fa(lXyD27KfR-v,strong
1876,qwerty186,weak
1877,computer$99,medium
1878,iloveyou616,weak
1879,computer!x,medium
1880,FLOO!DSGR041ra+bQ-,strong
1881,*B#7kI@P(Gqr,strong
1882,football!99,medium
1883,flower12399,medium
1884,123456678,weak
1885,coffee_1,medium
1886,admin144,weak
1887,12345612,weak
1888,purple1231,medium
1889,coffee!x,medium
1890,computer12399,medium
1891,coffee202099,medium
1892,password902,weak
1893,iloveu!x,medium
1894,iloveyou852,weak
1895,sunshine567,weak
1896,computer_x,medium
1897,letmein433,weak
1898,_N=jqVqn4Q@!JxW!,strong
1899,admin662,weak
1900,welcome111,weak
1901,admin617,weak
1902,computer20201,medium
1903,monkey109,weak
1904,dragon11,weak
1905,computer!x,medium
1906,password246,weak
1907,dragon578,weak
1908,sunshine46,weak
1909,123456966,weak
1910,admin769,weak
1911,iloveyou512,weak
1912,iloveyou743,weak
1913,qwerty719,weak
1914,computer123x,medium
1915,iloveu!1,medium
1916,coffee123x,medium
1917,wlJ^h2^9X6m_,strong
1918,flower_x,medium
1919,purple$99,medium
1920,computer$99,medium
1921,coffee2020x,medium
1922,coffee!1,medium
1923,-R+hb6x$8&LIm,strong
1924,123456286,weak
1925,computer20201,medium
1926,sunshine264,weak
1927,5H()_LBvFVZHMVxg,strong
1928,sunshine269,weak
1929,VW4s!a#wmEfD,strong
1930,123456357,weak
1931,monkey921,weak
1932,football20201,medium
1933,coffee1231,medium
1934,123456324,weak
1935,dragon497,weak
1936,sunshine117,weak
1937,password558,weak
1938,sunshine149,weak
1939,computer_1,medium
1940,e98=qqb5Gtnkug%IFq,strong
1941,@h&z5mAFK0m0A0,strong
1942,password574,weak
1943,iloveu!1,medium
1944,iloveu_1,medium
1945,admin14,weak
1946,sunshine956,weak
1947,admin116,weak
1948,flower12399,medium
1949,football1231,medium
1950,flower_1,medium
1951,letmein430,weak
1952,purple!x,medium
1953,admin214,weak
1954,CBwx!jL+FA!G,strong
1955,inGnTPC#0HvV($+9h,strong
1956,iloveu1231,medium
1957,dragon949,weak
1958,flower123x,medium
1959,football$99,medium
1960,sunshine564,weak
1961,letmein876,weak
1962,123456359,weak
1963,F!14aCrv%u@8Fs&FblC,strong
1964,purple_99,medium
1965,dragon440,weak
1966,iloveyou197,weak
1967,coffee2020x,medium
1968,iloveyou745,weak
1969,admin529,weak
1970,letmein101,weak
1971,baseball_1,medium
1972,purple123x,medium
1973,myhba6lUP_Rb3=W7oXqo,strong
1974,flower12399,medium
1975,computer20201,medium
1976,flower_1,medium
1977,dragon125,weak
1978,welcome268,weak
1979,f#*ph8FKVpF^W,strong
1980,qwerty184,weak
1981,qwerty675,weak
1982,iloveu20201,medium
1983,KUPm4(ocbMl$iqyq3,strong
1984,upg1XJ9H)(tp#2_h,strong
1985,iloveu$1,medium
1986,flower12399,medium
1987,TuyiDpA&!I^-tFT%-O,strong
1988,123456184,weak
1989,coffee!99,medium
1990,letmein672,weak
1991,qwerty798,weak
1992,password326,weak
1993,flower$1,medium
1994,admin920,weak
1995,123456394,weak
1996,letmein539,weak
1997,monkey284,weak
1998,purple2020x,medium
1999,ZH9pdLdujITSrbb7Ra,strong
